Object Name,RA,DEC,Type,Velocity,Redshift,Redshift Flag
NGC 0383                      ,16.85399,32.41256,G      ,5098,0.017005,               
 VV 193                        ,16.85167,32.40833, GPair  ,4777,0.015934,               
 NGC 0382                      ,16.84946,32.40386, G      ,5229,0.017442,               
 SDSS J010723.84+322411.8      ,16.84935,32.40329, G      ,5166,0.017233, SPEC          
 Pisces Cloud                  ,16.86186,32.38854, GGroup ,4845,0.016161,               
 2MASX J01071798+3225281       ,16.825,32.42447, G      ,5661,0.018883,               
 NGC 0387                      ,16.88775,32.39111, G      ,4707,0.015701,               
 IV Zw 038                     ,16.86792,32.46194, GGroup ,5096,0.017,               
 3C 031 GROUP                  ,16.8125,32.45417, GClstr ,5120,0.017078,               
 NGC 0386                      ,16.88039,32.36199, G      ,5556,0.018533,               
 RSCG 05                       ,16.84884,32.35661, GGroup ,5096,0.017,               
 SDSS J010714.97+322204.7      ,16.81238,32.36804, IrS    ,146848,0.489833, SPEC          
 2MASX J01070798+3223335       ,16.78307,32.39294, G      ,46147,0.153931, SPEC          
 SDSS J010706.70+322257.6      ,16.77795,32.38268, G      ,110296,0.367908, SPEC          
 NGC 0380                      ,16.8233,32.48292, G      ,4426,0.014764,               
 UGC 00679                     ,16.76491,32.38953, G      ,5096,0.016998,               
 SDSS J010716.14+322014.7      ,16.81727,32.33742, *      ,-233,-0.000778, SPEC          
 2MASX J01071026+3220485       ,16.79283,32.34681, G      ,4245,0.01416,               
 NGC 0375                      ,16.77466,32.34817, G      ,5855,0.01953,               
 NGC 0385                      ,16.86352,32.31953, G      ,4975,0.016595,               
 NGC 0379                      ,16.81537,32.52036, G      ,5578,0.018606,               
 SDSS J010700.04+322915.4      ,16.74979,32.48789, UvS    ,-44,-0.000148, SPEC          
 SDSS J010703.19+321930.2      ,16.76331,32.32508, G      ,110737,0.36938, SPEC          
 NGC 0384                      ,16.8546,32.29245, G      ,4233,0.01412,               
 SRGb 090                      ,16.75917,32.32269, GGroup ,5150,0.017179,               
 SDSS J010746.28+321840.4      ,16.94287,32.31124, *      ,-11,-0.000037, SPEC          
 WHL J010759.6+322216          ,16.9985,32.37122, GClstr ,118298,0.3946, PHOT          
 NGC 0388                      ,16.94644,32.30996, G      ,5444,0.018159,               
 SDSS J010759.25+322116.5      ,16.99691,32.3546, G      ,144644,0.48248, SPEC          
 RM J010802.2+322157.0         ,17.00896,32.36584, GClstr ,120428,0.401705, PHOT          
 SDSS J010710.42+323232.8      ,16.79337,32.54251, IrS    ,146133,0.487446, SPEC          
 NGC 0373                      ,16.74254,32.30847, G      ,5502,0.018353,               
 2MASX J01064452+3225074       ,16.68554,32.41867, G      ,6150,0.020514,               
 SDSS J010804.43+322813.1      ,17.01847,32.47033, G      ,173688,0.579362, SPEC          
 WHL J010657.9+323156          ,16.74109,32.53215, GClstr ,146359,0.4882, SPEC          
 SDSS J010646.23+322920.0      ,16.69264,32.4889, G      ,103293,0.344547, SPEC          
 SDSS J010657.20+323235.8      ,16.73834,32.5433, G      ,146341,0.48814, SPEC          
 2MASX J01081297+3227128       ,17.054,32.45361, G      ,4754,0.015858,               
 LCSB S0169O                   ,16.96667,32.25611, G      ,5454,0.018193,               
 SDSS J010724.07+323545.5      ,16.85032,32.59598, G      ,140726,0.469411, SPEC          
 SDSS J010711.15+323536.1      ,16.79646,32.59336, G      ,138560,0.462185, SPEC          
 SDSS J010637.71+323003.7      ,16.65715,32.50104, *      ,-317,-0.001057, SPEC          
 SDSS J010640.30+321831.4      ,16.66795,32.30875, G      ,173168,0.577625, SPEC          
 SDSS J010643.29+323159.5      ,16.68039,32.53321, G      ,138301,0.461321, SPEC          
 SDSS J010640.41+323205.2      ,16.66838,32.5348, QSO    ,214692,0.716134, SPEC          
 WHL J010640.4+323205          ,16.66838,32.5348, GClstr ,138294,0.4613, SPEC          
 RM J010640.4+323205.3         ,16.66838,32.5348, GClstr ,144280,0.481265, PHOT          
 2MASX J01081590+3229567       ,17.06625,32.49908, G      ,5508,0.018373,               
 2MASX J01065374+3234434       ,16.72404,32.57864, G      ,5558,0.018539,               
 SDSS J010803.11+323343.6      ,17.01406,32.56165, UvS    ,110258,0.367782, SPEC          
 SDSS J010642.21+323316.1      ,16.67591,32.55448, G      ,146895,0.48999, SPEC          
 GALEXMSC J010747.67+321315.7  ,16.94925,32.22061, G      ,4918,0.016405,               
 SDSS J010806.60+323340.1      ,17.02717,32.5612, UvS    ,775409,2.586487, SPEC          
 SDSS J010634.50+323132.4      ,16.64366,32.52582, UvS    ,-177,-0.000592, SPEC          
 2MASX J01065749+3213214       ,16.7396,32.22263, G      ,34361,0.114617, SPEC          
 SDSS J010657.10+323613.0      ,16.73794,32.60364, *      ,25,0.000085, SPEC          
 IV Zw 038 NOTES14             ,17.10833,32.43125, G      ,6195,0.020664,               
 IV Zw 038 NOTES01             ,16.624,32.50778, G      ,46118,0.153832, SPEC          
 SDSS J010826.63+322435.5      ,17.11089,32.41008, UvS    ,661749,2.207356, SPEC          
 SDSS J010823.85+322840.2      ,17.09938,32.47785, G      ,99630,0.332329, SPEC          
 SDSS J010635.79+321652.6      ,16.64914,32.2813, G      ,154982,0.516965, SPEC          
 IV Zw 038 NOTES08             ,16.81546,32.19442, G      ,5966,0.0199,               
 SDSS J010640.84+323429.9      ,16.67018,32.575, QSO    ,959718,3.201274, SPEC          
 SDSS J010622.24+322758.0      ,16.5927,32.46614, QSO    ,1036357,3.456913, SPEC          
 2MASX J01082662+3229109       ,17.111,32.48633, G      ,33395,0.111395, SPEC          
 IV Zw 038 NOTES03             ,16.73708,32.6225, GPair  ,19799,0.066042,               
 SDSS J010800.55+323707.6      ,17.00231,32.6188, G      ,196626,0.655874, SPEC          
 SDSS J010732.31+323909.0      ,16.88466,32.65252, G      ,156075,0.52061, SPEC          
 2MASXi J0108226+323258        ,17.09437,32.54969, G      ,4723,0.015754,               
 SDSS J010829.43+321910.6      ,17.12255,32.31964, UvS    ,162518,0.542102, SPEC          
 SDSS J010632.20+323424.0      ,16.63418,32.57334, *      ,-4,-0.000015, SPEC          
 RM J010718.6+321003.8         ,16.82756,32.16771, GClstr ,111579,0.372186, PHOT          
 IV Zw 038 NOTES07             ,16.798,32.17044, G      ,4696,0.015664,               
 SDSS J010618.06+322002.6      ,16.57526,32.33407, QSO    ,347306,1.158489, SPEC          
 2MASS J01081074+3236146       ,17.04489,32.60416, G      ,118968,0.396833, SPEC          
 SDSS J010836.08+322543.9      ,17.15035,32.42886, G      ,209309,0.69818, SPEC          
 SDSS J010836.29+322434.8      ,17.15122,32.40969, G      ,172559,0.575596, SPEC          
 2MASX J01062076+3231488       ,16.58654,32.53019, G      ,32768,0.109302, SPEC          
 SDSS J010613.21+322237.3      ,16.55526,32.37758, UvS    ,301753,1.006539, SPEC          
 SDSS J010623.97+323302.4      ,16.59991,32.55067, G      ,138446,0.461806, SPEC          
 SDSS J010715.60+320932.7      ,16.81504,32.15911, G      ,114423,0.381673, SPEC          
 [HLX2013] J010619.74+321751.7 ,16.58229,32.2977, QSO    ,627765,2.094,               
 SDSS J010727.82+324023.3      ,16.86596,32.67316, G      ,110542,0.36873, SPEC          
 2MASS J01083751+3220582       ,17.15634,32.34946, *      ,-33,-0.00011, SPEC          
 LCSB S0171P                   ,17.07829,32.22656, G      ,5315,0.017729,               
 SDSS J010637.89+323732.1      ,16.65837,32.62498, UvS    ,540458,1.802773, SPEC          
 400d J0106+3209               ,16.74583,32.15833, GClstr ,33577,0.112,               
 2MASX J01065891+3209285       ,16.7453,32.15736, G      ,33463,0.11162,               
 SDSS J010639.19+321139.1      ,16.6633,32.19421, G      ,147424,0.491753, SPEC          
 SDSS J010840.33+322824.4      ,17.16807,32.47345, G      ,172970,0.576967, SPEC          
 SDSS J010840.74+322809.3      ,17.16948,32.46944, UvS    ,219591,0.732478, SPEC          
 [HB89] 0104+318               ,16.74482,32.155, QSO    ,607679,2.027,               
 [HB89] 0104+318 ABS01         ,16.74482,32.155, AbLS   ,526016,1.7546,               
 SDSS J010740.22+320745.4      ,16.9176,32.12928, G      ,68415,0.228207, SPEC          
 SDSS J010622.89+323605.3      ,16.59541,32.60149, G      ,157325,0.524778, SPEC          
 2MASS J01071777+3207286       ,16.82398,32.12462, G      ,110584,0.36887, SPEC          
 WHL J010717.8+320729          ,16.82398,32.12462, GClstr ,112512,0.3753, SPEC          
 2MASX J01074620+3241342       ,16.94234,32.69301, G      ,5334,0.017792,               
 SDSS J010654.63+324116.7      ,16.72766,32.68797, *      ,-310,-0.001034, SPEC          
 2MASX J01084242+3232110       ,17.17692,32.53642, G      ,89776,0.299459, SPEC          
 SDSS J010601.03+322105.4      ,16.50432,32.35151, G      ,140557,0.468848, SPEC          
 SDSS J010558.88+322505.1      ,16.49534,32.4181, G      ,216354,0.721678, SPEC          
 SDSS J010813.86+323948.8      ,17.05775,32.66357, QSO    ,653564,2.180054, SPEC          
 SDSS J010808.34+320854.4      ,17.03475,32.14846, *      ,-121,-0.000405, SPEC          
 SDSS J010656.97+320705.6      ,16.7374,32.11824, G      ,172813,0.576443, SPEC          
 SDSS J010656.81+320703.6      ,16.73672,32.11767, G      ,172275,0.574648, SPEC          
 2MASX J01065143+3242044       ,16.7143,32.70132, G      ,5884,0.019627,               
 2MASS J01064194+3241075       ,16.67427,32.68548, UvS    ,65771,0.219388, SPEC          
 IC 1618                       ,16.48326,32.41218, G      ,4719,0.015741,               
 SDSS J010817.61+320929.8      ,17.0734,32.1583, G      ,155451,0.518527, SPEC          
 SDSS J010842.93+323403.0      ,17.17888,32.56753, G      ,172339,0.57486, SPEC          
 SDSS J010558.61+321907.1      ,16.49424,32.31866, QSO    ,921376,3.073379, SPEC          
 UGC 00691                     ,16.88583,32.09278, G      ,14710,0.049067,               
 SDSS J010630.37+324017.5      ,16.62656,32.67153, G      ,161555,0.53889, SPEC          
 SDSS J010847.25+323332.1      ,17.1969,32.55893, G      ,161170,0.537604, SPEC          
 SDSS J010849.43+323236.7      ,17.20599,32.54354, QSO    ,432517,1.442721, SPEC          
 SDSS J010847.44+323351.3      ,17.19769,32.56426, G      ,173771,0.579638, SPEC          
 WHL J010847.4+323351          ,17.19769,32.56426, GClstr ,173100,0.5774, SPEC          
 RM J010847.4+323351.3         ,17.19769,32.56426, GClstr ,157033,0.523804, PHOT          
 NGC 0398                      ,17.22362,32.51451, G      ,4978,0.016605,               
 SDSS J010850.86+323236.6      ,17.21194,32.54352, G      ,146214,0.487718, SPEC          
 2MASX J01085516+3219316       ,17.22996,32.32542, G      ,4735,0.015794,               
 SDSS J010735.75+320502.5      ,16.89896,32.08405, *      ,-59,-0.000198, SPEC          
 2MASX J01055048+3223187       ,16.46028,32.3885, G      ,4658,0.015537,               
 WHL J010718.5+320433          ,16.82728,32.07581, GClstr ,162697,0.5427, SPEC          
 SDSS J010718.54+320432.9      ,16.82728,32.07581, G      ,162659,0.542571, SPEC          
 SDSS J010551.87+321950.9      ,16.46612,32.33083, G      ,140335,0.468108, SPEC          
 GALEXASC J010603.49+323532.5  ,16.515,32.59222, G      ,5341,0.017816,               
 SDSS J010551.20+321953.2      ,16.46334,32.33147, G      ,140205,0.467674, SPEC          
 SDSS J010602.85+323535.6      ,16.51189,32.59324, G      ,170900,0.570061, SPEC          
 SDSS J010549.87+322843.4      ,16.45781,32.47872, *      ,-143,-0.000477, SPEC          
 SDSS J010731.75+324513.1      ,16.88275,32.75396, UvS    ,163811,0.546415, SPEC          
 SDSS J010559.63+323446.4      ,16.49846,32.57958, G      ,155459,0.518557, SPEC          
 SDSS J010650.52+320528.0      ,16.71054,32.09112, G      ,201089,0.67076, SPEC          
 2MASS J01090067+3229322       ,17.25271,32.49233, QSO    ,441041,1.471155, SPEC          
 SDSS J010555.40+323326.2      ,16.48086,32.55728, G      ,156942,0.523502, SPEC          
 SDSS J010553.95+321538.8      ,16.47479,32.26078, *      ,-47,-0.000157, SPEC          
 SDSS J010544.78+322001.4      ,16.43659,32.33373, G      ,174757,0.582926, SPEC          
 SDSS J010545.02+322959.1      ,16.43762,32.49977, QSO    ,304677,1.016292, SPEC          
 SDSS J010844.23+323845.2      ,17.1843,32.64589, G      ,143877,0.479923, SPEC          
 SDSS J010900.85+323255.5      ,17.25354,32.54876, QSO    ,389607,1.299589, SPEC          
 SDSS J010826.39+320710.0      ,17.10998,32.11947, G      ,85991,0.286834, SPEC          
 WHL J010842.6+323922          ,17.17739,32.65624, GClstr ,145429,0.4851, SPEC          
 SDSS J010842.57+323922.4      ,17.17739,32.65624, G      ,145864,0.486551, SPEC          
 SDSS J010725.55+320238.4      ,16.85649,32.04401, G      ,162219,0.541103, SPEC          
 SDSS J010554.73+323614.7      ,16.47806,32.60409, QSO    ,793286,2.646117, SPEC          
 LCSB S0170P                   ,17.072,32.08997, G      ,4582,0.015284,               
 2MASX J01085889+3214257       ,17.24546,32.2405, G      ,4514,0.015057,               
 SDSS J010843.65+323957.0      ,17.18188,32.66584, G      ,145643,0.485813, SPEC          
 WHL J010811.8+320414          ,17.04923,32.07065, GClstr ,65325,0.2179, PHOT          
 SDSS J010634.53+324458.6      ,16.64391,32.74963, G      ,141048,0.470486, SPEC          
 2MASX J01084354+3208490       ,17.18163,32.14694, G      ,65829,0.219583, SPEC          
 SDSS J010845.09+324024.6      ,17.18789,32.6735, G      ,161218,0.537765, SPEC          
 SDSS J010831.20+320626.3      ,17.13001,32.10731, G      ,155390,0.518325, SPEC          
 SDSS J010853.50+323818.4      ,17.22293,32.63844, QSO    ,597361,1.99258, SPEC          
 2MASS J01055091+3212577       ,16.46212,32.21607, G      ,48838,0.162905, SPEC          
 SDSS J010841.77+324122.8      ,17.17365,32.69008, UvS    ,173271,0.577971, SPEC          
 SDSS J010850.15+323934.5      ,17.20897,32.6596, G      ,146336,0.488124, SPEC          
 NGC 0374                      ,16.77408,32.79511, G      ,5031,0.016782,               
 SDSS J010733.04+324801.7      ,16.8877,32.80049, G      ,115043,0.383741, SPEC          
 CGCG 501-077                  ,16.39249,32.42975, G      ,5039,0.016808,               
 2MASS J01091525+3221516       ,17.31379,32.36431, G      ,96788,0.32285, SPEC          
 SDSS J010907.47+321509.6      ,17.28115,32.25267, G      ,174479,0.581998, SPEC          
 SDSS J010842.57+324157.1      ,17.17738,32.69921, G      ,173314,0.578113, SPEC          
 SDSS J010756.84+324731.1      ,16.98686,32.792, G      ,136592,0.455623, SPEC          
 SDSS J010728.51+320056.9      ,16.86881,32.01581, G      ,110653,0.369098, SPEC          
 AT 2017hqa                    ,17.24667,32.63431, G      ,5167,0.017235,               
 SDSS J010753.53+324755.2      ,16.97193,32.79872, UvS    ,140286,0.467944, SPEC          
 SDSS J010532.05+322215.3      ,16.38256,32.37065, UvS    ,135507,0.452004, SPEC          
 SDSS J010907.63+321417.2      ,17.28181,32.23812, *      ,-143,-0.000477, SPEC          
 SDSS J010856.90+321030.3      ,17.23708,32.1751, *      ,-51,-0.000171, SPEC          
 SDSS J010540.14+323434.5      ,16.41725,32.57626, G      ,142827,0.47642, SPEC          
 SDSS J010630.59+320328.4      ,16.62748,32.05791, QSO    ,172275,0.574646, SPEC          
 SDSS J010827.03+320423.3      ,17.11263,32.07315, QSO    ,715293,2.385959, SPEC          
 SDSS J010543.48+321310.5      ,16.43105,32.21934, UvS    ,200279,0.668059, SPEC          
 SDSS J010609.56+324319.4      ,16.53984,32.72206, G      ,202550,0.675634, SPEC          
 2MASX J01053291+3217505       ,16.38713,32.29728, G      ,31279,0.104334, SPEC          
 2MASS J01052821+3226544       ,16.36756,32.44844, G      ,49745,0.165931, SPEC          
 SDSS J010751.44+324852.6      ,16.9642,32.81498, UvS    ,-177,-0.000591, SPEC          
 SDSS J010617.13+320429.4      ,16.57139,32.07485, G      ,176899,0.59007, SPEC          
 SDSS J010539.06+323541.9      ,16.41275,32.59499, G      ,205968,0.687035, SPEC          
 SDSS J010535.88+323417.5      ,16.3995,32.57155, G      ,142175,0.474244, SPEC          
 2MASS J01052764+3221395       ,16.36499,32.3607, UvS    ,134918,0.450038, SPEC          
 NSA 128663                    ,17.18292,32.10167, G      ,5718,0.019073,               
 2MASS J01091189+3235356       ,17.30003,32.59299, UvS    ,52185,0.17407, SPEC          
 SDSS J010604.33+320622.6      ,16.51804,32.10628, G      ,107469,0.358477, SPEC          
 SDSS J010833.32+324520.1      ,17.13885,32.75559, G      ,145169,0.48423, SPEC          
 SDSS J010653.84+324910.6      ,16.72433,32.81985, UvS    ,207264,0.691359, SPEC          
 SDSS J010909.96+323700.3      ,17.29152,32.61677, G      ,145174,0.484247, SPEC          
 2MASX J01091313+3235528       ,17.30483,32.59803, G      ,52993,0.176766, SPEC          
 SDSS J010916.75+321514.2      ,17.31982,32.25397, QSO    ,427519,1.426051, SPEC          
 SDSS J010551.26+324050.1      ,16.46265,32.68132, UvS    ,-213,-0.000709, SPEC          
 SDSS J010542.41+323846.1      ,16.42672,32.64616, G      ,202912,0.676841, SPEC          
 2MASS J01091975+3234002       ,17.33228,32.56669, UvS    ,-148,-0.000493, SPEC          
 SDSS J010824.70+320157.6      ,17.10293,32.03268, QSO    ,587025,1.958103, SPEC          
 SDSS J010924.53+321814.3      ,17.35224,32.30398, *      ,-100,-0.000333, SPEC          
 SDSS J010902.93+320850.6      ,17.26221,32.14741, QSO    ,391193,1.304879, SPEC          
 SDSS J010536.44+321212.3      ,16.40184,32.20344, *      ,-439,-0.001464, SPEC          
 SDSS J010531.57+323522.2      ,16.38155,32.58951, G      ,204162,0.68101, SPEC          
 SDSS J010915.92+321302.4      ,17.31657,32.21729, UvS    ,-417,-0.001391, SPEC          
 SDSS J010520.70+322415.3      ,16.33627,32.40427, *      ,-387,-0.001291, SPEC          
 SDSS J010741.41+315843.2      ,16.92258,31.97869, *      ,-51,-0.000169, SPEC          
 SDSS J010926.65+323031.4      ,17.36107,32.50874, G      ,190078,0.634032, SPEC          
 CGCG 501-099                  ,17.21783,32.09997, G      ,10423,0.034767,               
 SDSS J010545.04+320901.3      ,16.43768,32.15037, QSO    ,150545,0.502163, SPEC          
 2MASX J01065633+3158574       ,16.73475,31.98258, G      ,5083,0.016955,               
 IV Zw 038 NOTES15             ,17.32233,32.61133, G      ,19879,0.066308, SPEC          
 2MASS J01092015+3214098       ,17.33399,32.23609, *      ,-59,-0.000198, SPEC          
 2MASS J01062978+3248361       ,16.62362,32.81014, G      ,110432,0.368361, SPEC          
 2MASX J01074708+3158337       ,16.94621,31.97603, G      ,66551,0.22199, SPEC          
 SDSS J010520.72+322926.4      ,16.33637,32.49069, G      ,146222,0.487745, SPEC          
 SDSS J010757.54+325031.0      ,16.98975,32.84197, G      ,102717,0.342626, SPEC          
 2MASX J01052218+3218305       ,16.34238,32.30844, G      ,49906,0.166468, SPEC          
 SDSS J010701.03+325059.3      ,16.75417,32.85, RadioS ,929613,3.100854, SPEC          
 SDSS J010651.40+315847.1      ,16.71418,31.97975, G      ,135506,0.451999, SPEC          
 SDSS J010616.27+324746.8      ,16.56782,32.79636, G      ,174310,0.581435, SPEC          
 SDSS J010934.68+322428.4      ,17.39454,32.40789, G      ,206606,0.689162, SPEC          
 2MASX J01053624+3209306       ,16.40096,32.15856, G      ,48947,0.163268, SPEC          
 2MASX J01065539+3157514       ,16.73079,31.96433, G      ,33349,0.111241, SPEC          
 SDSS J010755.82+325137.4      ,16.9826,32.86041, G      ,156079,0.520623, SPEC          
 SDSS J010755.31+315750.9      ,16.98046,31.96415, G      ,136500,0.455316, SPEC          
 SDSS J010931.38+321714.1      ,17.38076,32.28725, G      ,123354,0.411464, SPEC          
 SDSS J010828.27+320025.9      ,17.11781,32.00721, G      ,69011,0.230195, SPEC          
 WBL 028                       ,17.29136,32.13294, GGroup ,5120,0.01708,               
 2MASS J01085004+3203315       ,17.2086,32.05876, G      ,99645,0.332379, SPEC          
 UGC 00714                     ,17.30846,32.15133, G      ,4634,0.015457,               
 SDSS J010539.12+320754.9      ,16.41302,32.13192, QSO    ,504628,1.683257, SPEC          
 SDSS J010511.47+322315.9      ,16.29779,32.38776, QSO    ,1109602,3.701235, SPEC          
 SDSS J010830.74+320007.8      ,17.12809,32.00218, G      ,193601,0.645783, SPEC          
 SDSS J010938.68+322223.8      ,17.41119,32.37328, QSO    ,602954,2.011238, SPEC          
 SDSS J010756.55+325217.8      ,16.98566,32.87162, G      ,156028,0.520452, SPEC          
 SDSS J010628.15+325030.7      ,16.61731,32.84187, G      ,98754,0.329409, SPEC          
 2MASX J01051073+3227165       ,16.29471,32.45467, G      ,6096,0.020334,               
 SDSS J010939.65+322652.1      ,17.41523,32.44781, G      ,206616,0.689197, SPEC          
 2MASX J01055245+3245397       ,16.46854,32.76111, G      ,4998,0.016672,               
 WBL 029                       ,17.29252,32.71627, GGroup ,5141,0.01715,               
 SDSS J010516.19+323435.9      ,16.31747,32.57666, G      ,157056,0.523882, SPEC          
 2MASX J01084135+3200420       ,17.17233,32.01169, G      ,66631,0.222258, SPEC          
 WHL J010841.4+320042          ,17.17234,32.01161, GClstr ,67094,0.2238, SPEC          
 ARK 032                       ,17.427,32.45139, G      ,5026,0.016765,               
 SDSS J010912.59+320635.1      ,17.30246,32.10976, G      ,160300,0.534704, SPEC          
 SDSS J010642.29+315657.8      ,16.67622,31.94941, G      ,115418,0.384992, SPEC          
 2MASS J01075689+3156155       ,16.9871,31.93763, G      ,86449,0.288364, SPEC          
 2MASX J01060204+3248197       ,16.50862,32.80542, G      ,33346,0.111229, SPEC          
 SDSS J010507.74+322952.4      ,16.28225,32.49791, QSO    ,1885480,6.289284, SPEC          
 AGC 113901                    ,16.34375,32.17944, RadioS ,5364,0.017892,               
 SDSS J010944.46+322435.4      ,17.43525,32.40985, G      ,178019,0.593809, SPEC          
 2MASS J01084377+3200251       ,17.18244,32.00691, QSO    ,346405,1.155484, SPEC          
 SDSS J010921.54+320827.8      ,17.33978,32.14107, G      ,174296,0.58139, SPEC          
 SDSS J010505.34+322922.7      ,16.27227,32.48965, QSO    ,940262,3.136376, SPEC          
 SDSS J010816.13+325233.7      ,17.06722,32.87603, G      ,156068,0.520587, SPEC          
 AGC 114001                    ,16.46542,32.03861, RadioS ,-348,-0.001161,               
 SDSS J010603.73+320018.0      ,16.51555,32.005, G      ,151765,0.506235, SPEC          
 SDSS J010547.34+324634.6      ,16.44729,32.77628, G      ,155326,0.518113, SPEC          
 SDSS J010856.42+320150.0      ,17.23509,32.03057, QSO    ,294319,0.981741, SPEC          
 2MASS J01060073+3200375       ,16.50311,32.0104, G      ,65806,0.219505, SPEC          
 2MASS J01093159+3238387       ,17.38165,32.64411, G      ,89804,0.299554, SPEC          
 SDSS J010918.02+320624.1      ,17.3251,32.1067, G      ,160274,0.534616, SPEC          
 WHL J010942.8+321639          ,17.42838,32.27748, GClstr ,34386,0.1147, SPEC          
 2MASX J01094280+3216390       ,17.42842,32.27744, G      ,34280,0.114346, SPEC          
 SDSS J010756.67+325414.3      ,16.98615,32.90398, G      ,209955,0.700336, SPEC          
 SDSS J010732.47+315432.1      ,16.88532,31.90893, G      ,137740,0.459451, SPEC          
 WHL J010732.5+315432          ,16.88532,31.90893, GClstr ,137725,0.4594, SPEC          
 2MASX J01073995+3254512       ,16.91646,32.91422, G      ,36496,0.121736, SPEC          
 SDSS J010505.71+323215.5      ,16.27383,32.53765, G      ,185888,0.620056, SPEC          
 SDSS J010652.77+315510.9      ,16.71989,31.91972, *      ,-152,-0.000507, SPEC          
 SDSS J010637.99+325327.9      ,16.6583,32.89111, G      ,100226,0.334317, SPEC          
 SDSS J010946.95+321950.6      ,17.44564,32.33075, *      ,-105,-0.00035, SPEC          
 2MASX J01094004+3213539       ,17.41692,32.23169, G      ,34461,0.11495, SPEC          
 SDSS J010601.01+315949.5      ,16.50424,31.99709, QSO    ,65887,0.219776, SPEC          
 CGCG 501-105                  ,17.33513,32.72278, G      ,10436,0.034811,               
 CGCG 501-107                  ,17.38867,32.17325, G      ,5521,0.018416,               
 NGC 0403                      ,17.309,32.75214, G      ,5090,0.016978,               
 SDSS J010839.27+325117.0      ,17.16365,32.85474, G      ,159801,0.533039, SPEC          
 SDSS J010733.61+325538.4      ,16.88968,32.9279, UvS    ,-16,-0.000054, SPEC          
 SDSS J010459.83+322004.8      ,16.24931,32.33468, *      ,-1043,-0.003479, SPEC          
 SDSS J010920.14+320517.8      ,17.33396,32.08828, *      ,-282,-0.000942, SPEC          
 SDSS J010835.20+315719.6      ,17.14671,31.95547, G      ,175492,0.585378, SPEC          
 SDSS J010510.35+321152.3      ,16.29317,32.19788, G      ,141205,0.47101, SPEC          
 2MASS J01094846+3217122       ,17.45177,32.2866, G      ,99286,0.331181, SPEC          
 SDSS J010534.52+324537.4      ,16.39375,32.7606, UvS    ,223764,0.746396, SPEC          
 SDSS J010724.20+325603.3      ,16.85084,32.93427, G      ,137191,0.457621, SPEC          
 SDSS J010952.40+322059.7      ,17.46836,32.34994, G      ,190564,0.635652, SPEC          
 PPS2 092                      ,17.39273,32.67446, GGroup ,4961,0.016548,               
 SDSS J010939.90+321124.3      ,17.41626,32.19009, G      ,175203,0.584414, SPEC          
 SDSS J010924.46+320557.7      ,17.35196,32.09938, G      ,159899,0.533366, SPEC          
 SDSS J010527.41+320523.4      ,16.36424,32.08985, G      ,176524,0.588822, SPEC          
 WHL J010527.4+320523          ,16.36424,32.08985, GClstr ,176578,0.589, SPEC          
 2MASX J01055200+3200037       ,16.46667,32.00108, G      ,66919,0.223218, SPEC          
 SDSS J010748.77+325554.9      ,16.95324,32.93193, G      ,137391,0.458288, SPEC          
 SDSS J010817.17+315511.2      ,17.07157,31.9198, G      ,175733,0.586183, SPEC          
 SDSS J010803.27+325517.1      ,17.01365,32.92144, G      ,140565,0.468875, SPEC          
 WHL J010803.3+325517          ,17.01365,32.92144, GClstr ,140183,0.4676, SPEC          
 2MASS J01091422+3203124       ,17.30939,32.05354, QSO    ,717582,2.393597, SPEC          
 SDSS J010527.65+320509.9      ,16.36523,32.0861, G      ,176626,0.589162, SPEC          
 UGC 00692                     ,16.9043,32.93773, G      ,5789,0.01931,               
 2MASS J01092333+3244115       ,17.34716,32.73654, *      ,-18,-0.000059, SPEC          
 SDSS J010455.27+322221.5      ,16.23032,32.37266, *      ,-77,-0.000257, SPEC          
 SDSS J010504.90+321321.3      ,16.27043,32.22259, G      ,176078,0.587332, SPEC          
 SDSS J010953.28+321947.6      ,17.47203,32.32991, G      ,190305,0.63479, SPEC          
 SDSS J010541.29+320150.5      ,16.42205,32.0307, G      ,89550,0.298707, SPEC          
 SDSS J010827.63+315556.6      ,17.11514,31.9324, QSO    ,870585,2.90396, SPEC          
 2MASX J01094398+3237039       ,17.43321,32.61778, G      ,5285,0.017629,               
 SDSS J010458.84+321707.1      ,16.2452,32.28532, G      ,232476,0.775457, SPEC          
 SDSS J010526.45+320504.4      ,16.36024,32.08458, G      ,185242,0.6179, SPEC          
 SDSS J010803.35+325536.0      ,17.01396,32.92668, G      ,209676,0.699404, SPEC          
 2MASS J01060544+3157240       ,16.52268,31.95664, G      ,65722,0.219225, SPEC          
 2MASS J01071587+3256597       ,16.81568,32.95003, UvS    ,-91,-0.000302, SPEC          
 SDSS J010459.23+321453.1      ,16.24681,32.24809, G      ,135182,0.450917, SPEC          
 WBL 030                       ,17.49244,32.38265, GGroup ,5192,0.01732,               
 SDSS J010828.70+325416.0      ,17.11959,32.90447, G      ,139905,0.466674, SPEC          
 SDSS J010826.80+315458.5      ,17.11167,31.91689, RadioS ,175332,0.584845, SPEC          
 SDSS J010814.55+325535.0      ,17.06066,32.9264, G      ,93295,0.311198, SPEC          
 SDSS J010507.63+320959.9      ,16.28182,32.16665, G      ,140993,0.470301, SPEC          
 SDSS J010836.85+315557.7      ,17.15357,31.9327, QSO    ,366855,1.223697, SPEC          
 SDSS J010958.71+322738.5      ,17.49466,32.46071, G      ,136599,0.455646, SPEC          
 WHL J010535.2+324750          ,16.39653,32.79735, GClstr ,32887,0.1097, SPEC          
 2MASX J01053516+3247506       ,16.39654,32.79739, G      ,32902,0.109749, SPEC          
 UGC 00724                     ,17.49746,32.36836, G      ,5179,0.017275,               
 SDSS J010619.10+325424.0      ,16.57968,32.90695, UvS    ,40,0.000134, SPEC          
 2MASS J01062134+3154540       ,16.58894,31.91501, *      ,-57,-0.000189, SPEC          
 SDSS J010806.12+325626.4      ,17.02553,32.94067, G      ,139775,0.46624, SPEC          
 SDSS J010940.50+320832.6      ,17.41877,32.14239, *      ,-115,-0.000385, SPEC          
 SDSS J010736.24+315155.3      ,16.90102,31.86538, G      ,140150,0.467491, SPEC          
 2MASS J01061852+3154584       ,16.57715,31.91623, G      ,68711,0.229196, SPEC          
 2MASX J01083144+3254369       ,17.131,32.91039, G      ,55068,0.183686, SPEC          
 SDSS J010448.65+322317.2      ,16.20271,32.38813, G      ,165286,0.551336, SPEC          
 SDSS J010910.25+324915.7      ,17.29273,32.82104, G      ,145523,0.485411, SPEC          
 SDSS J010453.40+321612.0      ,16.22252,32.27001, *      ,-128,-0.000426, SPEC          
 SDSS J010733.59+315139.8      ,16.88998,31.86108, G      ,152568,0.508913, SPEC          
 2MASX J01050271+3238584       ,16.26125,32.64964, G      ,38033,0.126864, SPEC          
 SDSS J010533.76+324821.8      ,16.39071,32.80606, QSO    ,1855149,6.18811, SPEC          
 2MASX J01092636+3246168       ,17.35987,32.77136, G      ,5143,0.017155,               
 SDSS J010808.10+325655.4      ,17.0339,32.94923, UvS    ,139093,0.463963, SPEC          
 SDSS J010820.35+325607.4      ,17.08482,32.93541, G      ,209678,0.699409, SPEC          
 RM J010806.9+325702.4         ,17.02863,32.95066, GClstr ,138385,0.461602, PHOT          
 SDSS J010453.42+323501.7      ,16.22259,32.58383, G      ,157076,0.52395, SPEC          
 2MASX J01054052+3159227       ,16.41883,31.98967, G      ,66284,0.221099, SPEC          
 SDSS J010828.89+315355.7      ,17.12041,31.89883, G      ,144307,0.481357, SPEC          
 SDSS J010609.38+325431.0      ,16.5391,32.90863, *      ,-20,-0.000066, SPEC          
 2MASS J01094274+3207286       ,17.42828,32.12452, G      ,99252,0.331068, SPEC          
 2MASS J01055247+3252291       ,16.4686,32.87482, G      ,53510,0.178489, SPEC          
 WHL J010552.5+325229          ,16.4686,32.87482, GClstr ,53693,0.1791, SPEC          
 SDSS J010517.39+320404.0      ,16.3225,32.0678, QSO    ,673953,2.248066, SPEC          
 SDSS J010630.85+315239.1      ,16.62858,31.87755, G      ,177223,0.591153, SPEC          
 2MASX J01074714+3150562       ,16.9465,31.849, G      ,36946,0.123237, SPEC          
 SDSS J010951.88+321030.5      ,17.46618,32.17516, G      ,89545,0.29869, SPEC          
 SDSS J011006.40+322726.5      ,17.52668,32.45737, G      ,144667,0.482557, SPEC          
 SDSS J010947.96+324135.0      ,17.44987,32.69306, G      ,191190,0.637741, SPEC          
 2MASX J01055888+3254137       ,16.49529,32.90375, G      ,33377,0.111333, SPEC          
 2MASS J01100703+3230276       ,17.52933,32.50773, G      ,103694,0.345886, SPEC          
 SDSS J010627.32+325714.1      ,16.61387,32.95392, QSO    ,702120,2.342021, SPEC          
 2MASS J01100143+3214172       ,17.50597,32.2382, G      ,70275,0.234413, SPEC          
 CGCG 501-102                  ,17.30619,31.97946, G      ,5174,0.017259,               
 SDSS J010810.49+325806.4      ,17.04374,32.96847, G      ,140260,0.467858, SPEC          
 SDSS J010942.45+324352.9      ,17.42688,32.73138, *      ,-176,-0.000586, SPEC          
 2MASX J01054666+3156477       ,16.44442,31.94656, G      ,4582,0.015284,               
 2MASXi J0109481+324211        ,17.45087,32.70328, G      ,4631,0.015447,               
 2MASS J01044286+3218030       ,16.17867,32.30098, G      ,84708,0.282555, SPEC          
 SDSS J010627.41+315155.3      ,16.61425,31.86537, G      ,177524,0.592155, SPEC          
 SDSS J010440.32+322915.4      ,16.1677,32.48732, UvS    ,151662,0.50589, SPEC          
 MAPS P0295-0642385            ,16.16875,32.33029, G      ,4716,0.015731,               
 SDSS J010529.57+315930.0      ,16.37323,31.99167, QSO    ,147085,0.490623, SPEC          
 SDSS J010848.79+325505.9      ,17.20377,32.91853, UvS    ,156601,0.522365, SPEC          
 SDSS J010957.18+321026.1      ,17.48826,32.17393, G      ,204099,0.680802, SPEC          
 SDSS J010730.50+314932.8      ,16.87712,31.8258, G      ,114244,0.381076, SPEC          
 2MASS J01093329+3202108       ,17.38881,32.03657, UvS    ,70479,0.235093, SPEC          
 CGCG 501-076                  ,16.394,31.97115, G      ,5037,0.016802,               
 SDSS J010528.60+315923.8      ,16.36919,31.98997, G      ,172268,0.574623, SPEC          
 SDSS J011007.55+323345.9      ,17.53148,32.56278, G      ,215912,0.720206, SPEC          
 SDSS J010453.21+320933.6      ,16.22173,32.15935, G      ,149262,0.497886, SPEC          
 SDSS J010437.11+322705.6      ,16.15463,32.45156, QSO    ,929043,3.098954, SPEC          
 2MASX J01101257+3229057       ,17.55246,32.485, G      ,69811,0.232863, SPEC          
 2MASX J01054974+3254147       ,16.45717,32.90428, G      ,53863,0.179668, SPEC          
 2MASX J01043716+3229377       ,16.15479,32.49381, G      ,32902,0.109748, SPEC          
 SDSS J010705.03+314915.6      ,16.77099,31.82102, G      ,240302,0.801561, SPEC          
 SDSS J010435.36+322518.2      ,16.14733,32.42173, G      ,176827,0.58983, SPEC          
 SDSS J010955.81+320821.7      ,17.48256,32.13938, G      ,99459,0.331761, SPEC          
 SDSS J010707.49+314904.2      ,16.78125,31.81785, G      ,152876,0.509941, SPEC          
 SDSS J010830.34+315129.7      ,17.12644,31.85827, G      ,175710,0.586107, SPEC          
 SDSS J010436.19+323038.0      ,16.15099,32.51036, UvS    ,665028,2.218295, SPEC          
 SDSS J010642.04+325943.0      ,16.67519,32.9953, G      ,134839,0.449775, SPEC          
 SDSS J010438.35+323313.8      ,16.15982,32.55384, G      ,137782,0.459591, SPEC          
 SDSS J010649.08+330007.2      ,16.70452,33.00201, QSO    ,691220,2.305663, SPEC          
 SDSS J011016.22+322647.3      ,17.56761,32.44649, G      ,167996,0.560373, SPEC          
 UGCl 020                      ,17.56783,32.46588, GClstr ,5140,0.017145,               
 SDSS J010935.68+320110.0      ,17.39871,32.01945, G      ,119681,0.399213, SPEC          
 SDSS J010437.11+323307.8      ,16.15464,32.55219, G      ,135667,0.452536, SPEC          
 SDSS J010903.39+325440.8      ,17.26417,32.91136, G      ,145209,0.484364, SPEC          
 SDSS J011000.20+320849.2      ,17.50084,32.147, G      ,99516,0.331949, SPEC          
 SDSS J010725.56+314814.9      ,16.85654,31.80416, G      ,122833,0.409726, SPEC          
 SDSS J011017.37+322747.8      ,17.57238,32.4633, G      ,167616,0.559108, SPEC          
 SDSS J011005.99+321130.9      ,17.52497,32.19193, G      ,101188,0.337526, SPEC          
 SDSS J010432.64+322123.0      ,16.13603,32.35641, G      ,176817,0.589797, SPEC          
 SDSS J011010.03+321251.5      ,17.54183,32.21431, G      ,101574,0.338815, SPEC          
 SDSS J010959.12+320728.1      ,17.49634,32.12449, G      ,97729,0.32599, SPEC          
 2MASX J01065910+3301194       ,16.74629,33.02214, G      ,24334,0.08117, SPEC          
 WHL J011007.2+321049          ,17.52998,32.18019, GClstr ,99981,0.3335, SPEC          
 [WH2015] 0084                 ,17.52998,32.18019, GClstr ,101030,0.337, SPEC          
 RM J011007.2+321048.7         ,17.52998,32.18019, GClstr ,105669,0.352473, PHOT          
 SDSS J010627.80+314944.1      ,16.61585,31.82894, G      ,93810,0.312918, SPEC          
 SDSS J010447.56+320825.4      ,16.19817,32.14042, G      ,140485,0.468607, SPEC          
 CGCG 501-114                  ,17.58554,32.38784, G      ,5367,0.017902,               
 2MASS J01100701+3210287       ,17.52906,32.17459, G      ,102227,0.340992, SPEC          
 SDSS J010744.55+330139.1      ,16.93563,33.02754, *      ,-123,-0.000409, SPEC          
 2MASX J01053203+3253175       ,16.38358,32.88831, G      ,31866,0.106295, SPEC          
 SDSS J011016.02+321557.0      ,17.56675,32.26584, G      ,100418,0.334957, SPEC          
 SDSS J010625.86+325948.6      ,16.60764,32.9969, UvS    ,34,0.000115, SPEC          
 SDSS J010957.93+320615.4      ,17.49138,32.10429, G      ,100577,0.335488, SPEC          
 SDSS J011013.96+321349.0      ,17.5582,32.2303, G      ,99798,0.332891, SPEC          
 SDSS J010922.87+325252.9      ,17.34533,32.88137, G      ,216146,0.720984, SPEC          
 SDSS J011012.16+321140.7      ,17.55068,32.19467, G      ,99957,0.333421, SPEC          
 SDSS J010556.14+315203.7      ,16.48392,31.86771, G      ,141091,0.47063, SPEC          
 2MASX J01085584+3152136       ,17.23271,31.87039, G      ,20074,0.06696,               
 SDSS J010518.36+325147.2      ,16.32651,32.86312, G      ,119640,0.399077, SPEC          
 SDSS J011024.32+322120.4      ,17.60135,32.35567, G      ,169402,0.565065, SPEC          
 SDSS J011007.15+320816.4      ,17.52983,32.13791, G      ,99040,0.330362, SPEC          
 SDSS J010810.90+330135.1      ,17.04544,33.02644, G      ,140490,0.468625, SPEC          
 SDSS J011003.98+320646.9      ,17.51662,32.11304, G      ,101151,0.337402, SPEC          
 SDSS J011024.24+322942.6      ,17.60102,32.49518, G      ,167821,0.559791, SPEC          
 2MASS J01102051+3234063       ,17.58552,32.56848, G      ,66277,0.221076, SPEC          
 SDSS J010727.43+314633.8      ,16.86433,31.77607, G      ,177899,0.593406, SPEC          
 SDSS J010425.53+323046.4      ,16.10667,32.51265, UvS    ,-145,-0.000483, SPEC          
 SDSS J010423.82+322830.5      ,16.09927,32.47514, G      ,119173,0.397519, SPEC          
 SDSS J010615.66+314915.8      ,16.56527,31.82108, QSO    ,810821,2.704607, SPEC          
 SDSS J010727.12+314612.7      ,16.86303,31.77021, G      ,155357,0.518214, SPEC          
 CGCG 501-074                  ,16.25641,32.81312, G      ,5131,0.017115,               
 SDSS J010511.79+325129.8      ,16.29915,32.8583, QSO    ,127444,0.425107, SPEC          
 2MASS J01074125+3146079       ,16.92226,31.7688, G      ,65017,0.216874, SPEC          
 2MASS J01052231+3253503       ,16.34289,32.89727, G      ,66910,0.223187, SPEC          
 SDSS J011013.66+320907.2      ,17.55694,32.152, G      ,98840,0.329696, SPEC          
 SDSS J010826.46+314758.0      ,17.11026,31.79947, G      ,158661,0.529235, SPEC          
 SDSS J010507.55+325059.0      ,16.28147,32.84973, *      ,-82,-0.000274, SPEC          
 SDSS J011011.72+320752.8      ,17.54887,32.13136, G      ,116911,0.389972, SPEC          
 SDSS J010817.03+330216.9      ,17.07096,33.03803, G      ,139863,0.466533, SPEC          
 WHL J010817.0+330217          ,17.07096,33.03804, GClstr ,140153,0.4675, SPEC          
 SDSS J011003.99+324456.9      ,17.51666,32.74916, G      ,117140,0.390738, SPEC          
 SDSS J010831.61+314813.3      ,17.13172,31.80372, G      ,153410,0.511719, SPEC          
 SDSS J010826.61+314745.5      ,17.1109,31.79598, G      ,129908,0.433328, SPEC          
 IC 1619                       ,16.8435,33.06728, G      ,4703,0.015687,               
 SDSS J010418.83+322558.9      ,16.07849,32.43304, G      ,177476,0.591997, SPEC          
 SDSS J010756.41+314555.5      ,16.98505,31.76543, G      ,135979,0.453576, SPEC          
 2MASS J01102325+3213037       ,17.59692,32.21776, G      ,100650,0.335731, SPEC          
 2MASX J01102790+3216428       ,17.61629,32.27858, G      ,70576,0.235415, SPEC          
 WHL J011027.9+321643          ,17.61638,32.27865, GClstr ,70571,0.2354, SPEC          
 SDSS J011028.23+323245.8      ,17.61765,32.54608, G      ,145391,0.484972, SPEC          
 2MASS J01090970+3152024       ,17.29053,31.86721, G      ,85790,0.286163, SPEC          
 WHL J010909.7+315202          ,17.29053,31.86721, GClstr ,85741,0.286, SPEC          
 RM J010909.7+315202.0         ,17.29053,31.86721, GClstr ,87320,0.291267, PHOT          
 SDSS J010750.60+314528.4      ,16.96086,31.75791, G      ,150432,0.501786, SPEC          
 SDSS J010820.04+330246.1      ,17.08351,33.04616, G      ,140057,0.467179, SPEC          
 SDSS J010814.64+314625.7      ,17.06101,31.77381, G      ,175579,0.585669, SPEC          
 SDSS J010532.53+315252.7      ,16.38555,31.88132, G      ,172192,0.57437, SPEC          
 SDSS J010956.63+324836.2      ,17.48597,32.81008, G      ,89670,0.299106, SPEC          
 2MASS J01100356+3203094       ,17.51487,32.05257, G      ,70075,0.233744, SPEC          
 SDSS J010810.86+330330.1      ,17.04528,33.05837, *      ,-78,-0.000259, SPEC          
 SDSS J010723.23+314447.3      ,16.8468,31.7465, QSO    ,154542,0.515497, SPEC          
 SDSS J011013.45+320629.3      ,17.55607,32.10815, G      ,101098,0.337225, SPEC          
 SDSS J010439.94+320505.4      ,16.16643,32.08486, G      ,156195,0.521009, SPEC          
 SDSS J010911.95+325755.0      ,17.29982,32.96528, G      ,193198,0.644438, SPEC          
 SDSS J010915.98+315215.3      ,17.31659,31.87092, G      ,65183,0.217427, SPEC          
 SDSS J010423.32+323704.0      ,16.0972,32.61779, G      ,137998,0.460313, SPEC          
 2MASS J01045723+3250178       ,16.23846,32.8383, G      ,86295,0.287848, SPEC          
 SDSS J010514.90+325418.0      ,16.31209,32.90501, G      ,161374,0.538287, SPEC          
 SDSS J010427.14+323944.1      ,16.11394,32.66283, UvS    ,-169,-0.000563, SPEC          
 SDSS J010417.48+323243.7      ,16.07286,32.54549, *      ,-75,-0.00025, SPEC          
 SDSS J011017.63+320732.2      ,17.57347,32.12564, *      ,-110,-0.000366, SPEC          
 SDSS J010414.38+321959.3      ,16.05994,32.33315, G      ,297566,0.992574, SPEC          
 SDSS J011012.30+320454.9      ,17.55125,32.08194, G      ,194917,0.650173, SPEC          
 SDSS J010954.80+315915.1      ,17.47834,31.98753, QSO    ,738008,2.461729, SPEC          
 SDSS J010430.88+320712.4      ,16.1287,32.12012, G      ,174495,0.582053, SPEC          
 SDSS J011021.74+320816.8      ,17.59059,32.138, G      ,175289,0.584702, SPEC          
 SDSS J010412.10+322029.4      ,16.05043,32.34152, QSO    ,724281,2.415941, SPEC          
 SDSS J010416.63+323450.5      ,16.0693,32.5807, G      ,136737,0.456106, SPEC          
 SDSS J011036.95+323139.9      ,17.65397,32.52778, *      ,-282,-0.000941, SPEC          
 SDSS J010618.38+314607.4      ,16.5766,31.76875, G      ,149762,0.499552, SPEC          
 WHL J011000.0+320258          ,17.54154,32.04956, GClstr ,99141,0.3307, SPEC          
 SDSS J010642.60+314434.1      ,16.67754,31.74281, QSO    ,773480,2.58005, SPEC          
 SDSS J011033.51+321307.7      ,17.63965,32.21881, G      ,182024,0.607167, SPEC          
 SDSS J011011.27+320243.5      ,17.547,32.04542, G      ,99112,0.330603, SPEC          
 [HLX2013] J010415.20+321359.2 ,16.06334,32.23313, QSO    ,572604,1.91,               
 2MASX J01103144+3210527       ,17.63104,32.18131, G      ,34380,0.114679,               
 SDSS J010409.55+321732.1      ,16.0398,32.29227, *      ,-89,-0.000297, SPEC          
 SDSS J011016.93+320352.5      ,17.57055,32.0646, G      ,111398,0.371584, SPEC          
 SDSS J010438.10+320203.9      ,16.15879,32.03444, G      ,145414,0.485048, SPEC          
 SDSS J010854.36+330218.6      ,17.22651,33.03852, G      ,162177,0.540965, SPEC          
 SDSS J010634.78+314404.0      ,16.64492,31.73446, G      ,137818,0.45971, SPEC          
 SDSS J010919.15+325917.7      ,17.32979,32.98826, G      ,138392,0.461627, SPEC          
 2MASS J01103415+3211154       ,17.64222,32.18771, G      ,100070,0.333797, SPEC          
 2MASS J01045126+3251506       ,16.21329,32.86439, G      ,117948,0.393432, SPEC          
 SDSS J010947.00+325435.6      ,17.44586,32.90991, G      ,137681,0.459254, SPEC          
 SDSS J010751.90+330636.9      ,16.96626,33.11026, G      ,110010,0.366953, SPEC          
 WHL J010751.9+330637          ,16.96626,33.11026, GClstr ,109754,0.3661, SPEC          
 SDSS J010842.57+330346.3      ,17.17741,33.06287, G      ,197330,0.658222, SPEC          
 2MASS J01052132+3151292       ,16.33888,31.85815, G      ,87026,0.290289, SPEC          
 SDSS J010554.69+314657.0      ,16.47789,31.7825, G      ,153132,0.510793, SPEC          
 SDSS J011004.88+315914.7      ,17.52036,31.98744, *      ,2,0.000006, SPEC          
 SDSS J011019.82+324600.0      ,17.5826,32.76667, G      ,195007,0.650472, SPEC          
 SDSS J010749.91+330700.6      ,16.95798,33.11685, G      ,109488,0.365212, SPEC          
 SDSS J010408.37+321500.5  ,16.03491,32.25017, G      ,148871,0.496581, SPEC     
SDSS J010609.62+314510.3      ,16.54012,31.75288, *      ,-32,-0.000106,SPEC          
 SDSS J011043.52+323304.2      ,17.68136,32.55118, G      ,146279,0.487934, SPEC          
 2MASS J01065346+3306584       ,16.72286,33.11626, *      ,-108,-0.000359, SPEC          
 SDSS J010909.42+314810.2      ,17.28926,31.80286, G      ,153550,0.512188, SPEC          
 SDSS J010558.52+330329.8      ,16.49437,33.05839, UvS    ,164068,0.547273, SPEC          
 SDSS J010950.27+315450.0      ,17.4595,31.9139, G      ,119629,0.399041, SPEC          
 2MASX J01042372+3205258       ,16.099,32.09042, G      ,75403,0.251516, SPEC          
 SDSS J010454.45+325343.7      ,16.22689,32.8955, G      ,137358,0.458178, SPEC          
 2MASX J01104774+3228382       ,17.699,32.47722, G      ,21234,0.070829, SPEC          
 SDSS J010426.05+324538.0      ,16.10857,32.76056, G      ,208277,0.694737, SPEC          
 SDSS J010706.96+314149.9      ,16.77902,31.69722, G      ,173852,0.579909, SPEC          
 SDSS J010400.73+322507.1      ,16.00305,32.41865, G      ,138668,0.462548, SPEC          
 SDSS J010414.20+324024.8      ,16.05917,32.67356, QSO    ,423615,1.413028, SPEC          
 2MASX J01102380+3203378       ,17.59929,32.06042, G      ,34006,0.113433, SPEC          
 SDSS J011021.19+320227.7      ,17.58832,32.04104, G      ,212702,0.709498, SPEC          
 SDSS J011050.84+322354.3      ,17.71147,32.39853, UvS    ,275701,0.919639, SPEC          
 SDSS J010359.19+322637.1      ,15.99665,32.44364, G      ,151394,0.504997, SPEC          
 SDSS J010724.14+330811.0      ,16.85096,33.1369, UvS    ,513402,1.712525, SPEC          
 WISE J010927.88+314956.0      ,17.36618,31.83227, G      ,512645,1.71,               
 2MASX J01055674+3304077       ,16.4865,33.06881, G      ,32524,0.10849, SPEC          
 SDSS J011051.23+322533.3      ,17.71349,32.42592, *      ,-133,-0.000442, SPEC          
 2MASS J01042638+3246449       ,16.11007,32.77907, G      ,111618,0.372319, SPEC          
 NGC 0383 GROUP                ,17.67175,32.18961, GGroup ,5186,0.0173,               
 SDSS J011036.23+320809.4      ,17.65097,32.13595, G      ,175182,0.584345, SPEC          
 SDSS J010832.91+314329.1      ,17.13716,31.72475, QSO    ,331845,1.106917, SPEC          
 SDSS J010917.78+330134.6      ,17.32411,33.02628, G      ,98475,0.328477, SPEC          
 SDSS J010849.42+314439.7      ,17.20592,31.74436, *      ,-19,-0.000064, SPEC          
 SDSS J010357.05+322257.9      ,15.98771,32.38275, *      ,-60,-0.000199, SPEC          
 SDSS J010548.09+314548.1      ,16.4504,31.76337, G      ,152721,0.509421, SPEC          
 NGC 0397                      ,17.1296,33.10919, G      ,4995,0.016661,               
 KUG 0107+326A                 ,17.50158,32.90431, G      ,10389,0.034654,               
 2MASX J01063922+3141429       ,16.66342,31.69514, G      ,35561,0.118618, SPEC          
 2MASX J01042786+3248226       ,16.11617,32.80631, G      ,19952,0.066553,               
 SDSS J010401.50+323528.6      ,16.00628,32.59128, QSO    ,809483,2.700143, SPEC          
 SDSS J010419.49+320414.9      ,16.08121,32.07081, G      ,149191,0.497646, SPEC          
 SDSS J010637.88+314138.0      ,16.65785,31.69391, G      ,179540,0.59888, SPEC          
 SDSS J010823.38+314212.0      ,17.09744,31.70335, G      ,139236,0.464441, SPEC          
 SDSS J011053.18+321837.7      ,17.72159,32.31047, QSO    ,469284,1.565363, SPEC          
 CGCG 501-112                  ,17.50625,32.90917, GPair  ,10433,0.0348,               
 SDSS J010356.69+323132.4      ,15.98625,32.52568, G      ,136795,0.4563, SPEC          
 SDSS J010632.31+314143.4      ,16.63464,31.69539, G      ,153147,0.510844, SPEC          
 SDSS J010409.94+320801.9      ,16.04144,32.13387, G      ,140763,0.469534, SPEC          
 SDSS J010800.91+314052.5      ,17.0038,31.68127, G      ,179293,0.598057, SPEC          
 SDSS J010842.04+330614.6      ,17.17518,33.10406, G      ,139707,0.466013, SPEC          
 SDSS J010628.72+314148.6      ,16.61971,31.69685, *      ,-60,-0.0002, SPEC          
 SDSS J010906.99+314545.4      ,17.27913,31.76264, G      ,214647,0.715985, SPEC          
 SDSS J010842.39+314312.2      ,17.17665,31.72007, *      ,33,0.00011, SPEC          
 SDSS J010929.62+314841.4      ,17.37344,31.81151, G      ,144364,0.481546, SPEC          
 SDSS J010843.49+330621.1      ,17.18123,33.10588, *      ,44,0.000147, SPEC          
 KUG 0107+326B                 ,17.51033,32.91383, G      ,10411,0.034727,               
 SDSS J011046.55+321057.8      ,17.69399,32.18272, G      ,146003,0.487015, SPEC          
 2MASS J01035376+3229435       ,15.97403,32.49546, G      ,148507,0.495366, SPEC          
 SDSS J011036.69+324417.4      ,17.65289,32.73818, QSO    ,687165,2.292137, SPEC          
 SDSS J010457.30+325709.4      ,16.23876,32.95264, QSO    ,999016,3.332357, SPEC          
 2MASX J01045572+3256506       ,16.23212,32.94739, G      ,33525,0.111826, SPEC          
 2MASS J01094634+3151157       ,17.44303,31.8544, G      ,70046,0.233647, SPEC          
 SDSS J011049.02+321201.7      ,17.70426,32.20049, G      ,145467,0.485226, SPEC          
 NGC 0392                      ,17.09775,33.13361, G      ,4692,0.015651,               
 CGCG 501-092                  ,17.01229,31.67494, G      ,5466,0.018233,               
 SDSS J011036.24+320500.4      ,17.65102,32.08347, G      ,174877,0.583328, SPEC          
 SDSS J011055.78+323143.6      ,17.73245,32.52878, G      ,136529,0.455412, SPEC          
 CGCG 501-117                  ,17.71758,32.59342, G      ,5638,0.018806,               
 SDSS J010516.28+330051.7      ,16.31789,33.01448, UvS    ,-118,-0.000394, SPEC          
 SDSS J010928.24+330142.8      ,17.36767,33.02857, G      ,139451,0.46516, SPEC          
 SDSS J010359.33+323739.9      ,15.99721,32.62776, G      ,84608,0.282222, SPEC          
 WBL 026                       ,17.11783,33.13318, GGroup ,4668,0.01557,               
 SDSS J010612.87+314205.9      ,16.55366,31.70164, *      ,-36,-0.000119, SPEC          
 SDSS J010350.48+322214.0      ,15.96035,32.37056, *      ,-222,-0.000739, SPEC          
 2MASS J01074845+3309509       ,16.95194,33.16416, *      ,-26,-0.000087, SPEC          
 WHL J010351.3+323016          ,15.96373,32.50436, GClstr ,136945,0.4568, SPEC          
 2MASX J01062817+3140568       ,16.61742,31.68244, G      ,35963,0.119961, SPEC          
 SDSS J010551.38+314351.3      ,16.4641,31.73092, G      ,133317,0.444696, SPEC          
 SDSS J011030.47+324807.3      ,17.627,32.80204, G      ,186454,0.621943, SPEC          
 2MASS J01040854+3206030       ,16.03564,32.10077, G      ,100569,0.335461, SPEC          
 2MASX J01063216+3308558       ,16.634,33.14881, G      ,31965,0.106624, SPEC          
 SDSS J010742.62+313910.7      ,16.92762,31.65299, G      ,120705,0.40263, SPEC          
 2MASX J01063088+3309098       ,16.62875,33.15272, G      ,32662,0.108948, SPEC          
 SDSS J010536.36+314504.0      ,16.40151,31.75112, G      ,133022,0.443713, SPEC          
 SDSS J010449.69+315239.1      ,16.20708,31.87754, *      ,-5,-0.000018, SPEC          
 NGC 0394                      ,17.10854,33.14797, G      ,4423,0.014754,               
 SDSS J011024.89+315859.7      ,17.60374,31.98327, G      ,180193,0.601058, SPEC          
 SDSS J010926.37+314638.1      ,17.35988,31.77726, QSO    ,2098929,7.001273, SPEC          
 SDSS J010850.50+330709.3      ,17.21045,33.11927, G      ,139647,0.465812, SPEC          
 SDSS J010846.42+330731.0      ,17.19343,33.12564, UvS    ,100,0.000335, SPEC          
 SDSS J010752.91+313900.8      ,16.97048,31.65024, G      ,180567,0.602305, SPEC          
 SDSS J010852.17+330707.7      ,17.21739,33.11883, G      ,150611,0.502385, SPEC          
 2MASS J01093321+3302139       ,17.38854,33.03733, G      ,134651,0.449146, SPEC          
 2MASS J01080847+3139289       ,17.03544,31.65802, *      ,-92,-0.000306, SPEC          
 2MASX J01042894+3157236       ,16.12067,31.95661, G      ,31756,0.105928, SPEC          
 2MASS J01041450+3202049       ,16.06055,32.03453, G      ,75216,0.250894, SPEC          
 2MASS J01034815+3231596       ,15.95054,32.53317, G      ,87330,0.291302, SPEC          
 SDSS J010645.10+313913.3      ,16.68792,31.65371, G      ,154296,0.514676, SPEC          
 [M98j] 014                    ,17.69246,32.09903, GGroup ,4961,0.016548,               
 SDSS J010712.02+331115.7      ,16.7999,33.18805, UvS    ,-1,-0.000004, SPEC          
 SDSS J010345.30+322948.1      ,15.93876,32.49672, G      ,136959,0.456845, SPEC          
 SDSS J010652.74+313832.8      ,16.71979,31.64245, G      ,141344,0.471474, SPEC          
 SDSS J010630.96+313927.7      ,16.62902,31.6577, G      ,161236,0.537825, SPEC          
 SDSS J010916.53+330510.7      ,17.31887,33.08632, G      ,162273,0.541284, SPEC          
 2MASX J01094061+3147519       ,17.41929,31.79778, G      ,46416,0.154826, SPEC          
 SDSS J010857.00+314215.5      ,17.2375,31.70432, G      ,142887,0.476621, SPEC          
 SDSS J010749.26+313813.8      ,16.95526,31.63717, G      ,118496,0.395261, SPEC          
 SDSS J010532.39+314425.2      ,16.38497,31.74034, G      ,196795,0.656436, SPEC          
 WHL J010934.2+330301          ,17.39235,33.05028, GClstr ,138624,0.4624, SPEC          
 RM J010934.2+330301.0         ,17.39235,33.05028, GClstr ,143666,0.479217, PHOT          
 SDSS J010737.47+313747.0      ,16.90615,31.62973, G      ,163511,0.545415, SPEC          
 SDSS J010457.29+330007.9      ,16.23872,33.00221, G      ,211698,0.70615, SPEC          
 SDSS J010551.51+314200.4      ,16.46465,31.70012, G      ,149435,0.498461, SPEC          
 SDSS J010631.83+313858.4      ,16.63266,31.64958, G      ,169635,0.565842, SPEC          
 WHL J010631.8+313858          ,16.63266,31.64958, GClstr ,169593,0.5657, SPEC          
 2MASX J01040869+3202229       ,16.03617,32.03967, G      ,32107,0.107096, SPEC          
 2MASX J01042232+3252048       ,16.09313,32.86806, G      ,294744,0.983159, SPEC          
 CGCG 501-073                  ,16.19238,32.9676, G      ,4100,0.013676,               
 SDSS J011020.47+325407.0      ,17.5853,32.90197, *      ,10,0.000032, SPEC          
 SDSS J010932.25+330355.0      ,17.38438,33.06529, G      ,138677,0.462577, SPEC          
 SDSS J010940.75+314658.1      ,17.41983,31.78281, G      ,213432,0.711931, SPEC          
 WHL J011052.0+320609          ,17.71647,32.10261, GClstr ,33217,0.1108, SPEC          
 SDSS J010942.74+330227.9      ,17.42812,33.0411, G      ,139485,0.465272, SPEC          
 SDSS J010724.38+313708.3      ,16.8516,31.61897, G      ,155374,0.518271, SPEC          
 2MASX J01110647+3234442       ,17.77688,32.579, G      ,54361,0.18133, SPEC          
 SDSS J010811.00+313759.5      ,17.04585,31.63321, G      ,194769,0.64968, SPEC          
 2MASX J01105613+3207402       ,17.73388,32.12794, G      ,33206,0.110763, SPEC          
 2MASX J01043208+3153487       ,16.13367,31.89694, G      ,66021,0.220221, SPEC          
 SDSS J010337.91+322106.8      ,15.90798,32.3519, G      ,141594,0.472308, SPEC          
 2MASX J01060477+3139467       ,16.52,31.66292, G      ,35918,0.119808, SPEC          
 SDSS J010837.22+313909.2      ,17.15509,31.65257, QSO    ,436390,1.455641, SPEC          
 SDSS J011020.50+325537.6      ,17.58544,32.92713, G      ,199184,0.664407, SPEC          
 SDSS J010648.49+313707.5      ,16.70206,31.61876, G      ,202726,0.67622, SPEC          
 SDSS J010455.63+330140.4      ,16.23181,33.02791, G      ,213550,0.712327, SPEC          
 SDSS J010721.65+331316.1      ,16.84024,33.22115, G      ,158016,0.527083, SPEC          
 2MASX J01041654+3156418       ,16.06892,31.94497, G      ,32080,0.107006, SPEC          
 SDSS J010902.12+314024.8      ,17.25884,31.67357, G      ,169275,0.56464, SPEC          
 SDSS J010453.82+314746.0      ,16.22425,31.79612, G      ,147347,0.491497, SPEC          
 SDSS J010649.85+313614.4      ,16.70772,31.60401, G      ,120573,0.402189, SPEC          
 SDSS J010942.29+330429.2      ,17.42623,33.0748, G      ,133618,0.445702, SPEC          
 SDSS J010350.86+324414.3      ,15.96193,32.73731, G      ,111309,0.371287, SPEC          
 SDSS J010828.72+313728.4      ,17.11967,31.62457, G      ,139303,0.464666, SPEC          
 SDSS J010710.87+313530.7      ,16.79533,31.59188, G      ,155716,0.519413, SPEC          
 SDSS J011044.05+315904.2      ,17.68358,31.9845, QSO    ,459750,1.53356, SPEC          
 SDSS J010945.87+314518.6      ,17.44113,31.75518, G      ,154483,0.515301, SPEC          
 SDSS J010710.68+313520.6      ,16.79453,31.58908, G      ,155426,0.518446, SPEC          
 SDSS J010423.89+325631.1      ,16.09956,32.94197, G      ,117589,0.392234, SPEC          
 [HLX2013] J011110.65+321106.1 ,17.79441,32.18504, QSO    ,482666,1.61,               
 SDSS J010911.81+314036.3      ,17.29924,31.67677, G      ,124558,0.415482, SPEC          
 SDSS J010719.13+331425.5      ,16.82973,33.24043, G      ,93277,0.311137, SPEC          
 WHL J010719.1+331426          ,16.82973,33.24043, GClstr ,93265,0.3111, SPEC          
 SDSS J010359.68+324920.6      ,15.9987,32.8224, G      ,200007,0.667152, SPEC          
 CGCG 501-072                  ,15.87846,32.31569, G      ,5844,0.019493,               
 SDSS J010525.78+314148.2      ,16.35745,31.69673, *      ,-11,-0.000038, SPEC          
 KUG 0103+329                  ,16.69167,33.23183, G      ,4765,0.015894,               
 SDSS J010802.80+313528.1      ,17.01167,31.59115, G      ,110179,0.367517, SPEC          
 SDSS J010606.68+313736.9      ,16.52786,31.62693, G      ,234220,0.781273, SPEC          
 SDSS J010338.19+323935.8      ,15.90915,32.65996, QSO    ,987428,3.293704, SPEC          
 SDSS J010602.71+331147.3      ,16.51131,33.19649, *      ,-44,-0.000148, SPEC          
 SDSS J010348.73+324542.4      ,15.95304,32.7618, G      ,180962,0.603623, SPEC          
 SDSS J010327.80+322048.8      ,15.86587,32.34691, G      ,136277,0.45457, SPEC          
 2MASX J01050689+3143465       ,16.27886,31.72949, G      ,5230,0.017445,               
 SDSS J010859.22+313831.5      ,17.24679,31.64211, G      ,141612,0.472367, SPEC          
 SDSS J010519.52+314156.2      ,16.33134,31.69896, G      ,134747,0.449469, SPEC          
 SDSS J010945.88+330535.6      ,17.44136,33.09281, UvS    ,162552,0.542216, SPEC          
 SDSS J010524.07+314059.3      ,16.35029,31.68316, G      ,120453,0.401788, SPEC          
 SDSS J010640.15+331436.0      ,16.66732,33.24334, G      ,108590,0.362217, SPEC          
 CGCG 501-120                  ,17.7972,32.70186, G      ,5058,0.016872,               
 WHL J010409.4+315517          ,16.03919,31.92129, GClstr ,31898,0.1064, SPEC          
 SDSS J011126.09+322439.2      ,17.85872,32.4109, G      ,186000,0.620429, SPEC          
 SDSS J010553.09+313741.9      ,16.47122,31.62832, G      ,141513,0.472036, SPEC          
 2MASS J01032432+3229411       ,15.85135,32.49474, G      ,76169,0.254073, SPEC          
 SDSS J010746.17+331536.4      ,16.94239,33.26013, QSO    ,888251,2.962887, SPEC          
 2MASS J01102991+3151589       ,17.62477,31.86637, G      ,114357,0.381453, SPEC          
 SDSS J010652.07+331522.3      ,16.71699,33.25621, *      ,-9,-0.000031, SPEC          
 SDSS J010955.86+314453.5      ,17.48277,31.74821, G      ,144354,0.481512, SPEC          
 2MASS J01102937+3151461       ,17.62223,31.86283, G      ,115412,0.384972, SPEC          
 SDSS J010525.12+330919.5      ,16.35467,33.15544, G      ,138407,0.461676, SPEC          
 SDSS J010330.94+323834.6      ,15.87893,32.64294, *      ,27,0.00009, SPEC          
 UGC 00669                     ,16.32908,31.68217, G      ,5865,0.019564,               
 SDSS J011127.81+322736.0      ,17.86588,32.46002, G      ,144742,0.482808, SPEC          
 2MASS J01055020+3312041       ,16.45922,33.20116, *      ,29,0.000096, SPEC          
 2MASX J01050392+3142554       ,16.26642,31.71542, G      ,31309,0.104436, SPEC          
 SDSS J010427.67+314933.6      ,16.1153,31.82602, G      ,32420,0.108143, SPEC          
 2MASX J01050494+3142414       ,16.27058,31.71147, G      ,31518,0.105134, SPEC          
 UGC 00646                     ,15.85996,32.23736, G      ,5319,0.017742,               
 2MASS J01112619+3217037       ,17.85922,32.28426, G      ,54554,0.181972, SPEC          
 SDSS J010358.20+315721.4      ,15.99251,31.95596, G      ,133909,0.446671, SPEC          
 2MASS J01064678+3315449       ,16.69493,33.26254, G      ,69581,0.232097, SPEC          
 2MASS J01102057+3300565       ,17.58579,33.01586, G      ,70234,0.234277, SPEC          
 SDSS J010321.03+321944.8      ,15.83763,32.32913, QSO    ,508204,1.695187, SPEC          
 UZC-CG 015                    ,17.05417,33.25889, GGroup ,4488,0.01497,               
 2MASX J01062858+3134218       ,16.61921,31.57289, G      ,31614,0.105452, SPEC          
 SDSS J010518.23+314027.4      ,16.32599,31.67428, QSO    ,970257,3.23643, SPEC          
 SDSS J011033.00+325812.5      ,17.63752,32.97016, G      ,153782,0.512963, SPEC          
 2MASX J01043453+3147327       ,16.14392,31.79244, G      ,32158,0.107266, SPEC          
 SDSS J011112.21+324441.4      ,17.8009,32.74485, G      ,123245,0.411102, SPEC          
 SDSS J010620.49+331456.8      ,16.58528,33.24823, UvS    ,-26,-0.000087, SPEC          
 2MASX J01042272+3149508       ,16.09471,31.83069, G      ,50135,0.167234, SPEC          
 SDSS J011102.03+324939.3      ,17.75849,32.82759, *      ,-325,-0.001083, SPEC          
 SDSS J011055.27+325209.7      ,17.73011,32.86932, UvS    ,-115,-0.000384, SPEC          
 2MASS J01064764+3316154       ,16.69846,33.27099, G      ,69965,0.233378, SPEC          
 2MASS J01113202+3222330       ,17.8833,32.37577, G      ,70291,0.234465, SPEC          
 2MFGC 00768                   ,15.91917,32.04783, G      ,5243,0.017489,               
 SDSS J010333.98+324355.4      ,15.89161,32.73207, G      ,177494,0.592055, SPEC          
 SDSS J010556.04+313548.0      ,16.48351,31.59667, G      ,180097,0.600738, SPEC          
 3C 034 Cluster                ,17.5775,31.78889, GClstr ,206857,0.69,               
 3C 034                        ,17.57778,31.78902, G      ,206857,0.69,               
 SDSS J010952.94+330709.2      ,17.47062,33.11923, G      ,137556,0.458839, SPEC          
 WHL J010952.9+330709          ,17.47062,33.11923, GClstr ,137605,0.459, SPEC          
 SDSS J010805.13+331645.5      ,17.02152,33.27916, UvS    ,210271,0.70139, SPEC          
 SDSS J010315.79+322155.6      ,15.81579,32.36546, QSO    ,306040,1.020841, SPEC          
 SDSS J011109.19+324834.4      ,17.7883,32.80956, G      ,159433,0.53181, SPEC          
 [HLX2013] J010314.20+322328.5 ,15.8092,32.39126, QSO    ,386732,1.29,               
 SDSS J010747.40+313200.3      ,16.94753,31.53344, *      ,-246,-0.000821, SPEC          
 2MASS J01064724+3132219       ,16.69684,31.5394, G      ,65884,0.219766, SPEC          
 SDSS J010349.86+325218.9      ,15.95776,32.87192, G      ,192015,0.640494, SPEC          
 2MASX J01113578+3229052       ,17.89913,32.48472, G      ,35231,0.117518, SPEC          
 SDSS J010331.77+320501.7      ,15.8824,32.08381, G      ,134562,0.448852, SPEC          
 SDSS J010313.99+322931.0      ,15.80831,32.49197, G      ,207376,0.691731, SPEC          
 2MASX J01050055+3141164       ,16.25238,31.68794, G      ,33314,0.111124, SPEC          
 SDSS J010711.30+313137.2      ,16.79712,31.52701, G      ,143790,0.479633, SPEC          
 SDSS J010341.46+324940.8      ,15.92275,32.82801, G      ,131856,0.439823, SPEC          
 SDSS J010454.86+314200.6      ,16.22859,31.70019, G      ,198162,0.660996, SPEC          
 SDSS J010522.76+331131.7      ,16.34486,33.19214, G      ,139930,0.466755, SPEC          
 SDSS J010352.94+325409.1      ,15.97062,32.90253, G      ,112259,0.374455, SPEC          
 SDSS J010626.14+331645.8      ,16.60895,33.27939, G      ,158370,0.528264, SPEC          
 SDSS J010856.83+331439.6      ,17.23682,33.24433, G      ,94235,0.314334, SPEC          
 SDSS J010602.61+313403.9      ,16.5109,31.56778, G      ,159570,0.532268, SPEC          
 2MASS J01035271+3254240       ,15.96944,32.9066, G      ,101073,0.337142, SPEC          
 SDSS J010530.89+313646.9      ,16.37872,31.61305, G      ,141893,0.473304, SPEC          
 2MASX J01090838+3313537       ,17.28492,33.23161, G      ,-114,-0.000379, SPEC          
 SDSS J010735.39+331828.7      ,16.89747,33.308, *      ,-109,-0.000362, SPEC          
 2MASS J01100830+3143345       ,17.53451,31.72627, G      ,55125,0.183877, SPEC          
 2MASS J01042961+3303551       ,16.12339,33.06539, G      ,121519,0.405345, SPEC          
 SDSS J010505.61+330955.5      ,16.27339,33.16543, G      ,157828,0.526459, SPEC          
 SDSS J010936.61+331057.8      ,17.40257,33.18273, QSO    ,770056,2.56863, SPEC          
 KUG 0105+330                  ,16.98921,33.30303, G      ,4209,0.01404,               
 SDSS J010309.94+322737.2      ,15.79142,32.46034, G      ,119959,0.40014, SPEC          
 SDSS J010531.22+313630.9      ,16.38012,31.60859, G      ,141531,0.472096, SPEC          
 SDSS J011118.70+320309.3      ,17.82795,32.0526, G      ,200946,0.670283, SPEC          
 SDSS J010642.84+331759.1      ,16.67854,33.29976, G      ,158200,0.527698, SPEC          
 WHL J010642.8+331759          ,16.67854,33.29976, GClstr ,158230,0.5278, SPEC          
 2MASX J01070881+3318385       ,16.78675,33.31072, G      ,4577,0.015267,               
 SDSS J010907.50+313512.5      ,17.28126,31.58683, G      ,134511,0.448681, SPEC          
 SDSS J010607.66+313310.0      ,16.53193,31.5528, *      ,-75,-0.00025, SPEC          
 SDSS J010414.42+330111.4      ,16.06012,33.01985, QSO    ,1249396,4.167536, SPEC          
 SDSS J010505.20+331016.1      ,16.27167,33.17114, G      ,139789,0.466285, SPEC          
 SDSS J011134.51+321211.8      ,17.8938,32.20329, G      ,186209,0.621127, SPEC          
 SDSS J010310.55+321727.8      ,15.79397,32.29106, QSO    ,926363,3.090014, SPEC          
 [HLX2013] J011038.58+314915.5 ,17.66078,31.82099, QSO    ,98932,0.33,               
 SDSS J010312.36+323503.2      ,15.80151,32.58423, G      ,177191,0.591046, SPEC          
 SDSS J011117.94+320200.1      ,17.82477,32.03336, QSO    ,830951,2.771755, SPEC          
 SDSS J010508.46+313846.2      ,16.28528,31.64618, *      ,-40,-0.000135, SPEC          
 SDSS J010509.59+313835.5      ,16.28996,31.64322, G      ,197603,0.659132, SPEC          
 UGC 00657                     ,15.9962,32.9635, G      ,4966,0.016565,               
 SDSS J011051.50+325751.6      ,17.71458,32.96433, *      ,-258,-0.000862, SPEC          
 2MASX J01090656+3134297       ,17.27733,31.57503, G      ,31145,0.103887, SPEC          
 SDSS J011118.13+324848.8      ,17.82555,32.81358, G      ,209120,0.697549, SPEC          
 SDSS J010728.16+313004.3      ,16.86737,31.5012, G      ,156644,0.522507, SPEC          
 SDSS J011143.23+322004.9      ,17.93016,32.3347, *      ,-275,-0.000916, SPEC          
 2MASX J01060065+3316337       ,16.50275,33.27603, G      ,33389,0.111374, SPEC          
 SDSS J010536.15+313506.0      ,16.40063,31.58501, G      ,141507,0.472017, SPEC          
 SDSS J011001.69+314111.9      ,17.50704,31.68664, G      ,196982,0.657061, SPEC          
 SDSS J010707.20+331930.3      ,16.78002,33.32509, G      ,201727,0.67289, SPEC          
 MCXC J0105.1+3311             ,16.27917,33.18972, GClstr ,23983,0.08,               
 IC 1614                       ,16.27902,33.18981, G      ,24456,0.081576,               
 SDSS J010417.71+314641.2      ,16.07383,31.77812, G      ,122937,0.410075, SPEC          
 SDSS J010429.93+330548.5      ,16.12475,33.09683, *      ,-21,-0.000069, SPEC          
 SDSS J010303.83+322312.3      ,15.76597,32.38677, G      ,168430,0.561821, SPEC          
 SDSS J010442.97+314135.1      ,16.17908,31.69309, G      ,141307,0.471351, SPEC          
 SDSS J010312.98+321015.5      ,15.80412,32.17099, G      ,173414,0.578448, SPEC          
 SDSS J010940.25+331203.8      ,17.41772,33.20108, G      ,91651,0.305715, SPEC          
 SDSS J010332.84+315932.1      ,15.88684,31.99226, *      ,-119,-0.000396, SPEC          
 SDSS J010503.14+331114.8      ,16.26309,33.18745, G      ,157467,0.525254, SPEC          
 SDSS J010303.96+322904.0      ,15.76653,32.48445, G      ,207483,0.692088, SPEC          
 2MASX J01082570+3318299       ,17.10708,33.30828, G      ,24607,0.08208, SPEC          
 SDSS J010343.18+315522.1      ,15.92993,31.92282, *      ,-99,-0.000329, SPEC          
 SDSS J011023.68+330527.0      ,17.59869,33.09084, G      ,204877,0.683396, SPEC          
 SDSS J010456.03+313912.0      ,16.23348,31.65333, G      ,153641,0.512492, SPEC          
 2MASS J01050834+3312196       ,16.28467,33.20542, G      ,124381,0.414891, SPEC          
 XMMXCS J0110.3+3305           ,17.59917,33.09558, GClstr ,179876,0.6, PHOT          
 X-CLASS 1191                  ,17.601,33.095, GClstr ,179876,0.6,               
 [HLX2013] J010307.25+323653.6 ,15.78022,32.61489, QSO    ,689823,2.301,               
 SDSS J010919.36+331458.1      ,17.33067,33.24949, G      ,139737,0.466111, SPEC          
 SDSS J010851.56+313211.6      ,17.21487,31.53658, G      ,140401,0.468328, SPEC          
 2MASS J01054270+3316141       ,16.42787,33.27061, *      ,-29,-0.000096, SPEC          
 SDSS J010851.16+331735.5      ,17.21317,33.29321, G      ,215454,0.718676, SPEC          
 SDSS J011003.57+330935.6      ,17.51491,33.15989, G      ,187475,0.625349, SPEC          
 SDSS J010740.62+312858.4      ,16.91926,31.48291, G      ,122487,0.408571, SPEC          
 SDSS J010927.03+313510.7      ,17.36263,31.58632, QSO    ,846113,2.822328, SPEC          
 KUG 0107+327                  ,17.68504,33.03142, G      ,4709,0.015708,               
 SDSS J011120.01+325101.0      ,17.83339,32.8503, *      ,-87,-0.000291, SPEC          
 SDSS J010508.14+313646.8      ,16.28394,31.61302, G      ,176915,0.590124, SPEC          
 [HLX2013] J010729.44+312838.8 ,16.87267,31.47747, QSO    ,401722,1.34,               
 SDSS J010540.93+313304.4      ,16.42055,31.55124, G      ,157936,0.526818, SPEC          
 2MASX J01070706+3320505       ,16.77938,33.34731, G      ,42482,0.141705, SPEC          
 SDSS J010517.87+331419.3      ,16.32448,33.23871, G      ,121689,0.40591, SPEC          
 SDSS J010632.62+332003.9      ,16.63595,33.33443, G      ,187079,0.624028, SPEC          
 SDSS J011150.94+321928.5      ,17.96228,32.32458, G      ,99644,0.332376, SPEC          
 SDSS J010859.64+313200.4      ,17.24851,31.53345, G      ,150316,0.501399, SPEC          
 SDSS J011138.79+324257.9      ,17.91164,32.7161, G      ,194264,0.647995, SPEC          
 2MASX J01085585+3131386       ,17.23287,31.52742, G      ,65470,0.218385, SPEC          
 SDSS J011141.26+324139.3      ,17.92195,32.69427, G      ,117321,0.391341, SPEC          
 2MASS J01114867+3235184       ,17.95282,32.58851, G      ,69914,0.233209, SPEC          
 SDSS J010320.99+320116.5      ,15.83747,32.02127, QSO    ,252949,0.843746, SPEC          
 2MASS J01110443+3257407       ,17.7685,32.96141, G      ,99036,0.33035, SPEC          
 SDSS J010520.41+331513.0      ,16.33506,33.25363, *      ,-115,-0.000384, SPEC          
 2MASX J01095847+3138049       ,17.49363,31.63467, G      ,36751,0.122587, SPEC          
 SDSS J011048.98+330208.0      ,17.70412,33.03558, G      ,140117,0.467379, SPEC          
 2MASX J01030365+3239073       ,15.76517,32.65211, G      ,32461,0.108277, SPEC          
 SDSS J010539.09+331714.6      ,16.41289,33.28739, *      ,33,0.000109, SPEC          
 SDSS J010847.76+331902.8      ,17.19903,33.31746, G      ,214780,0.71643, SPEC          
 SDSS J010359.27+314745.4      ,15.99699,31.79595, G      ,141542,0.472133, SPEC          
 SDSS J010414.73+330534.9      ,16.06139,33.09303, G      ,224125,0.747599, SPEC          
 SDSS J010621.57+332022.5      ,16.58992,33.33959, QSO    ,1170373,3.903943, SPEC          
 SDSS J010557.94+331905.6      ,16.49145,33.31824, G      ,173836,0.579856, SPEC          
 KUG 0109+322                  ,17.98487,32.46731, G      ,4988,0.016638,               
 SDSS J010421.97+330724.9      ,16.09154,33.12359, *      ,-170,-0.000567, SPEC          
 SDSS J011010.26+331038.1      ,17.54278,33.17726, G      ,138194,0.460965, SPEC          
 SDSS J010651.09+312732.4      ,16.71289,31.45901, G      ,169970,0.56696, SPEC          
 2MASS J01081178+3127513       ,17.04896,31.46442, G      ,103901,0.346577, SPEC          
 SDSS J011046.49+314545.7      ,17.69375,31.76272, G      ,196626,0.655873, SPEC          
 SDSS J010342.65+325913.1      ,15.92773,32.987, G      ,117724,0.392686, SPEC          
 SDSS J011134.18+320014.7      ,17.89245,32.0041, G      ,131724,0.439383, SPEC          
 SDSS J010309.80+320306.3      ,15.79084,32.05176, G      ,98759,0.329425, SPEC          
 SDSS J010404.65+314459.8      ,16.01939,31.74996, QSO    ,686734,2.290697, SPEC          
 SDSS J010511.98+331545.7      ,16.29994,33.2627, G      ,157984,0.526977, SPEC          
 SDSS J010845.69+332023.3      ,17.19038,33.33981, G      ,140778,0.469586, SPEC          
 SDSS J010707.93+312633.5      ,16.78307,31.44265, G      ,155281,0.517962, SPEC          
 SDSS J011152.25+321006.6      ,17.96773,32.16853, QSO    ,734105,2.44871, SPEC          
 SDSS J010626.68+312739.2      ,16.61118,31.46092, QSO    ,814190,2.715844, SPEC          
 SDSS J010557.47+332015.4      ,16.4895,33.33763, G      ,170738,0.569519, SPEC          
 SDSS J011100.44+330148.1      ,17.75187,33.03004, G      ,139640,0.46579, SPEC          
 WHL J011100.4+330148          ,17.75187,33.03004, GClstr ,139643,0.4658, SPEC          
 UGC 00743                     ,17.82708,31.88867, G      ,5229,0.017442,               
 2MASS J01025946+3207444       ,15.7477,32.12902, G      ,76194,0.254157, SPEC          
 SDSS J010514.82+313256.8      ,16.31177,31.54912, QSO    ,683722,2.280652, SPEC          
 NGC 0407                      ,17.65233,33.1265, G      ,5573,0.01859,               
 SDSS J010559.86+332047.8      ,16.49942,33.34661, G      ,158179,0.527628, SPEC          
 2MASX J01080914+3322528       ,17.03813,33.38122, G      ,23776,0.079307, SPEC          
 SDSS J011155.60+321050.0      ,17.9817,32.18056, *      ,-76,-0.000254, SPEC          
 SDSS J010635.16+312646.3      ,16.64652,31.4462, QSO    ,667191,2.22551, SPEC          
 SDSS J010247.21+321753.1      ,15.69671,32.29811, G      ,135944,0.453461, SPEC          
 SDSS J011006.55+313638.1      ,17.5273,31.61058, QSO    ,217823,0.72658, SPEC          
 2MASS J01030437+3246360       ,15.76818,32.77658, G      ,88371,0.294773, SPEC          
 SDSS J010245.42+322821.1      ,15.68927,32.47254, G      ,103350,0.344738, SPEC          
 2MASX J01044981+3135367       ,16.20754,31.59353, G      ,52866,0.176341, SPEC          
 SDSS J010540.69+331946.3      ,16.41956,33.32955, *      ,-167,-0.000558, SPEC          
 2MASS J01054419+3129307       ,16.43346,31.49178, RadioS ,138410,0.461686, SPEC          
 SDSS J010544.94+312924.9      ,16.43727,31.49026, G      ,138844,0.463135, SPEC          
 2MASS J01110735+3301088       ,17.78075,33.01908, G      ,54264,0.181006, SPEC          
 SDSS J010805.42+312604.6      ,17.02258,31.43464, *      ,-95,-0.000318, SPEC          
 SDSS J010728.90+332405.1      ,16.87043,33.40143, *      ,-63,-0.000209, SPEC          
 SDSS J010332.14+325815.7      ,15.88393,32.97104, G      ,103586,0.345527, SPEC          
 WHL J010332.1+325816          ,15.88393,32.97104, GClstr ,103608,0.3456, SPEC          
 SDSS J010329.61+315227.5      ,15.87337,31.87432, G      ,171881,0.573334, SPEC          
 2MASS J01045572+3315178       ,16.23214,33.25495, G      ,15622,0.05211, SPEC          
 SDSS J011114.52+315023.0      ,17.81053,31.83972, G      ,183907,0.613447, SPEC          
 SDSS J011131.07+315554.1      ,17.87946,31.93172, G      ,201621,0.672535, SPEC          
 SDSS J011118.08+325833.8      ,17.82535,32.97608, QSO    ,960535,3.204,               
 SDSS J011157.31+324048.8      ,17.9888,32.68024, G      ,163040,0.543844, SPEC          
 SDSS J010419.32+330950.6      ,16.08052,33.16406, G      ,133019,0.443704, SPEC          
 SDSS J011038.65+330822.5      ,17.66106,33.1396, G      ,160172,0.534275, SPEC          
 2MASX J01083023+3322579       ,17.1258,33.38287, G      ,23988,0.080015,               
 SDSS J011115.84+325940.4      ,17.81603,32.99457, G      ,160194,0.534348, SPEC          
 SDSS J010620.92+332307.1      ,16.5872,33.38532, G      ,170424,0.568472, SPEC          
 SDSS J010440.80+313558.5      ,16.17003,31.59959, G      ,160689,0.536002, SPEC          
 2MASS J01120108+3210563       ,18.0045,32.18235, *      ,29,0.000098, SPEC          
 SDSS J011019.21+331215.1      ,17.58005,33.20421, G      ,197485,0.65874, SPEC       